{
  "Stage1.Output.Measurement0.U.Actual": {
    "r2_scores_train": 0.05019164107222438,
    "mse_scores_train": 0.8946652486677935,
    "r2_scores_test": 0.016017186508359326,
    "mse_scores_test": 0.5823860059404341,
    "indices": [
      0,
      1,
      2,
      3,
      4,
      5,
      6,
      7,
      8,
      9,
      10,
      11,
      12,
      13,
      14,
      15,
      16,
      17,
      18,
      19,
      20,
      21,
      22,
      23,
      24,
      25,
      26,
      27,
      28,
      29,
      30,
      31,
      32,
      33,
      34,
      35
    ]
  },
  "Stage1.Output.Measurement1.U.Actual": {
    "r2_scores_train": 0.7826197037111307,
    "mse_scores_train": 10.346474340089832,
    "r2_scores_test": 0.7502482064955783,
    "mse_scores_test": 11.965134454444831,
    "indices": [
      0,
      1,
      2,
      3,
      4,
      5,
      6,
      7,
      8,
      9,
      10,
      11,
      12,
      13,
      14,
      15,
      16,
      17,
      18,
      19,
      20,
      21,
      22,
      23,
      24,
      25,
      26,
      27,
      28,
      29,
      30,
      31,
      32,
      33,
      34,
      35
    ]
  },
  "Stage1.Output.Measurement2.U.Actual": {
    "r2_scores_train": 0.14839932826717922,
    "mse_scores_train": 0.9691837991682686,
    "r2_scores_test": 0.08775598509769407,
    "mse_scores_test": 0.9100977363993072,
    "indices": [
      0,
      1,
      2,
      3,
      4,
      5,
      6,
      7,
      8,
      9,
      10,
      11,
      12,
      13,
      14,
      15,
      16,
      17,
      18,
      19,
      20,
      21,
      22,
      23,
      24,
      26,
      27,
      28,
      29,
      30,
      31,
      32,
      33,
      34,
      35
    ]
  },
  "Stage1.Output.Measurement3.U.Actual": {
    "r2_scores_train": 0.04917522125563796,
    "mse_scores_train": 4.206273431121511,
    "r2_scores_test": -0.0015328569160088623,
    "mse_scores_test": 4.529991957674926,
    "indices": [
      0,
      1,
      2,
      3,
      4,
      5,
      6,
      7,
      8,
      9,
      10,
      11,
      12,
      13,
      14,
      15,
      16,
      17,
      18,
      19,
      20,
      21,
      22,
      23,
      24,
      25,
      26,
      27,
      28,
      29,
      30,
      31,
      32,
      33,
      34,
      35
    ]
  },
  "Stage1.Output.Measurement4.U.Actual": {
    "r2_scores_train": 0.107466156855175,
    "mse_scores_train": 13.181336692041583,
    "r2_scores_test": 0.052454119477074415,
    "mse_scores_test": 14.929190847099317,
    "indices": [
      0,
      1,
      2,
      3,
      4,
      5,
      6,
      7,
      8,
      9,
      10,
      11,
      12,
      13,
      14,
      15,
      16,
      17,
      18,
      19,
      20,
      21,
      22,
      23,
      24,
      25,
      26,
      27,
      28,
      29,
      30,
      31,
      32,
      33,
      34,
      35
    ]
  },
  "Stage1.Output.Measurement5.U.Actual": {
    "r2_scores_train": 0.030377201807950182,
    "mse_scores_train": 0.31777914657650896,
    "r2_scores_test": 0.015590918726606806,
    "mse_scores_test": 0.30632695421611905,
    "indices": [
      0,
      1,
      2,
      3,
      4,
      5,
      6,
      7,
      8,
      9,
      10,
      11,
      12,
      13,
      14,
      15,
      16,
      17,
      18,
      19,
      20,
      21,
      22,
      23,
      24,
      25,
      26,
      27,
      28,
      29,
      30,
      31,
      32,
      33,
      34,
      35
    ]
  },
  "Stage1.Output.Measurement6.U.Actual": {
    "r2_scores_train": 0.44170448439860444,
    "mse_scores_train": 0.7130736693464543,
    "r2_scores_test": 0.41104770824564546,
    "mse_scores_test": 0.7914919086257659,
    "indices": [
      0,
      1,
      2,
      3,
      4,
      5,
      6,
      7,
      8,
      9,
      10,
      11,
      12,
      13,
      14,
      15,
      16,
      17,
      18,
      19,
      20,
      21,
      22,
      23,
      24,
      25,
      26,
      27,
      28,
      29,
      30,
      31,
      32,
      33,
      34,
      35
    ]
  },
  "Stage1.Output.Measurement7.U.Actual": {
    "r2_scores_train": 0.7906711156245322,
    "mse_scores_train": 0.41842257117045856,
    "r2_scores_test": 0.7895613887717695,
    "mse_scores_test": 0.420753038610796,
    "indices": [
      0,
      1,
      2,
      3,
      4,
      5,
      6,
      7,
      8,
      9,
      10,
      11,
      12,
      13,
      14,
      15,
      16,
      17,
      18,
      19,
      20,
      21,
      22,
      23,
      24,
      25,
      26,
      27,
      28,
      29,
      30,
      31,
      32,
      33,
      34,
      35
    ]
  },
  "Stage1.Output.Measurement8.U.Actual": {
    "r2_scores_train": 0.41360143035738267,
    "mse_scores_train": 12.985138134466307,
    "r2_scores_test": 0.422556262470651,
    "mse_scores_test": 14.980119312074965,
    "indices": [
      0,
      1,
      2,
      3,
      4,
      5,
      6,
      7,
      8,
      9,
      10,
      11,
      12,
      13,
      14,
      15,
      16,
      17,
      18,
      19,
      20,
      21,
      22,
      23,
      24,
      25,
      26,
      27,
      28,
      29,
      30,
      31,
      32,
      33,
      34,
      35
    ]
  },
  "Stage1.Output.Measurement9.U.Actual": {
    "r2_scores_train": 0.44153720129766966,
    "mse_scores_train": 9.565276505804622,
    "r2_scores_test": 0.4840508134109328,
    "mse_scores_test": 10.100088667314244,
    "indices": [
      0,
      1,
      2,
      3,
      4,
      5,
      6,
      7,
      8,
      9,
      10,
      11,
      12,
      13,
      14,
      15,
      16,
      17,
      18,
      19,
      20,
      21,
      22,
      23,
      24,
      25,
      26,
      27,
      28,
      29,
      30,
      31,
      32,
      33,
      34,
      35
    ]
  },
  "Stage1.Output.Measurement10.U.Actual": {
    "r2_scores_train": 0.029244122688530626,
    "mse_scores_train": 1.150207945297984,
    "r2_scores_test": 0.021544637661158172,
    "mse_scores_test": 1.123415808898296,
    "indices": [
      0,
      1,
      2,
      3,
      4,
      5,
      6,
      7,
      8,
      9,
      10,
      11,
      12,
      13,
      14,
      15,
      16,
      17,
      18,
      19,
      20,
      21,
      22,
      23,
      24,
      25,
      26,
      27,
      28,
      29,
      30,
      31,
      32,
      33,
      34,
      35
    ]
  },
  "Stage1.Output.Measurement11.U.Actual": {
    "r2_scores_train": 0.900786713830746,
    "mse_scores_train": 0.6404802005064557,
    "r2_scores_test": 0.9086324780049575,
    "mse_scores_test": 0.5917575043219373,
    "indices": [
      0,
      1,
      2,
      3,
      4,
      5,
      6,
      7,
      8,
      9,
      10,
      11,
      12,
      13,
      14,
      15,
      16,
      17,
      18,
      19,
      20,
      21,
      22,
      23,
      24,
      25,
      26,
      27,
      28,
      29,
      30,
      31,
      32,
      33,
      34,
      35
    ]
  },
  "Stage1.Output.Measurement12.U.Actual": {
    "r2_scores_train": 0.4536587808285815,
    "mse_scores_train": 0.239866406887486,
    "r2_scores_test": 0.4384796362253214,
    "mse_scores_test": 0.24893953214685755,
    "indices": [
      0,
      1,
      2,
      3,
      4,
      5,
      6,
      7,
      8,
      9,
      10,
      11,
      12,
      13,
      14,
      15,
      16,
      17,
      18,
      19,
      20,
      21,
      22,
      23,
      24,
      25,
      26,
      27,
      28,
      29,
      30,
      31,
      32,
      33,
      34,
      35
    ]
  },
  "Stage1.Output.Measurement13.U.Actual": {
    "r2_scores_train": 0.35461384670568963,
    "mse_scores_train": 0.5652005540152903,
    "r2_scores_test": 0.3726958885630508,
    "mse_scores_test": 0.5772248113292207,