{
    "Stage1.Output.Measurement1.U.Actual": {
        "r2_train": 0.3778400832212304,
        "r2_test": 0.3291589479284692,
        "rmse_train": 5.441760186815198,
        "rmse_test": 5.670719265647798,
        "mse_train": 29.612753930806978,
        "mse_test": 32.1570569897891
    },
    "Stage1.Output.Measurement7.U.Actual": {
        "r2_train": 0.7260780765706775,
        "r2_test": 0.7165344361583662,
        "rmse_train": 0.7399710941641656,
        "rmse_test": 0.7529613254340369,
        "mse_train": 0.5475572201985125,
        "mse_test": 0.5669507575993817
    },
    "Stage1.Output.Measurement11.U.Actual": {
        "r2_train": 0.8879133023139734,
        "r2_test": 0.8998790566324595,
        "rmse_train": 0.8507734299809515,
        "rmse_test": 0.8063732605858858,
        "mse_train": 0.7238154291615531,
        "mse_test": 0.6502378353879129
    },
    "FirstStage.CombinerOperation.Temperature1.U.Actual": {
        "r2_train": 0.7617765338057549,
        "r2_test": 0.742934515444771,
        "rmse_train": 2.7642076318411997,
        "rmse_test": 2.8872044286783263,
        "mse_train": 7.640843831929133,
        "mse_test": 8.33594941297974
    },
    "FirstStage.CombinerOperation.Temperature2.U.Actual": {
        "r2_train": 0.8439518756883562,
        "r2_test": 0.8404267383154829,
        "rmse_train": 7.340256295676372,
        "rmse_test": 7.41549123921988,
        "mse_train": 53.87936248621662,
        "mse_test": 54.989510318946785
    }
}