{
    "Stage1.Output.Measurement1.U.Actual": {
        "best_individual": [
            180,
            119,
            153,
            0.09621952841860826,
            "tanh",
            "lbfgs",
            0.000425664356818356,
            0.948094791341457,
            768
        ],
        "best_fitness": 0.7132599739012644,
        "best_train_r2_score": 0.7977838506471442,
        "best_test_r2_score": 0.7555219122742043,
        "indices": [
            0,
            1,
            2,
            3,
            4,
            5,
            6,
            7,
            8,
            9,
            10,
            11,
            12,
            13,
            14,
            15,
            16,
            17,
            18,
            19,
            20,
            21,
            22,
            23,
            24,
            25,
            26,
            27,
            28,
            29,
            30,
            31,
            32,
            33,
            34,
            35
        ]
    },
    "Stage1.Output.Measurement7.U.Actual": {
        "best_individual": [
            156,
            87,
            19,
            0.04497897545694042,
            "tanh",
            "lbfgs",
            0.0003345937683213329,
            0.8355359982680086,
            639
        ],
        "best_fitness": 0.8216205743862308,
        "best_train_r2_score": 0.8216205743862308,
        "best_test_r2_score": 0.8335697977017098,
        "indices": [
            0,
            1,
            2,
            3,
            4,
            5,
            6,
            7,
            8,
            9,
            10,
            11,
            12,
            13,
            14,
            15,
            16,
            17,
            18,
            19,
            20,
            21,
            22,
            23,
            24,
            25,
            26,
            27,
            28,
            29,
            30,
            31,
            32,
            33,
            34,
            35
        ]
    },
    "Stage1.Output.Measurement11.U.Actual": {
        "best_individual": [
            103,
            154,
            180,
            0.04559860084352354,
            "tanh",
            "lbfgs",
            0.0002779932125778341,
            0.9502843419174781,
            549
        ],
        "best_fitness": 0.9029159690846514,
        "best_train_r2_score": 0.9029159690846514,
        "best_test_r2_score": 0.9219318157580995,
        "indices": [
            0,
            1,
            2,
            3,
            4,
            5,
            6,
            7,
            8,
            9,
            10,
            11,
            12,
            13,
            14,
            15,
            16,
            17,
            18,
            19,
            20,
            21,
            22,
            23,
            24,
            25,
            26,
            27,
            28,
            29,
            30,
            31,
            32,
            33,
            34,
            35
        ]
    },
    "FirstStage.CombinerOperation.Temperature1.U.Actual": {
        "best_individual": [
            175,
            186,
            63,
            0.03818153355027843,
            "logistic",
            "lbfgs",
            0.0002324487325234191,
            0.9326165455081437,
            581
        ],
        "best_fitness": 0.8686360642380564,
        "best_train_r2_score": 0.910401760992027,
        "best_test_r2_score": 0.8895189126150417,
        "indices": [
            0,
            1,
            2,
            3,
            4,
            5,
            6,
            7,
            8,
            9,
            10,
            11,
            12,
            13,
            14,
            15,
            16,
            17,
            18,
            19,
            20,
            21,
            22,
            23,
            24,
            25,
            26,
            27,
            28,
            29,
            30,
            31,
            32,
            33,
            34,
            35
        ]
    },
    "FirstStage.CombinerOperation.Temperature2.U.Actual": {
        "best_individual": [
            44,
            67,
            79,
            0.03263765539612918,
            "logistic",
            "lbfgs",
            0.0003578097553704334,
            0.8330998564109914,
            691
        ],
        "best_fitness": 0.9182138682779208,
        "best_train_r2_score": 0.9182138682779208,
        "best_test_r2_score": 0.9212482469420767,
        "indices": [
            0,
            1,
            2,
            3,
            4,
            5,
            6,
            7,
            8,
            9,
            10,
            11,
            12,
            13,
            14,
            15,
            16,
            17,
            18,
            19,
            20,
            21,
            22,
            23,
            24,
            25,
            26,
            27,
            28,
            29,
            30,
            31,
            32,
            33,
            34,
            35
        ]
    }
}