{
    "Stage1.Output.Measurement0.U.Actual": {
        "decision_tree": [
            0.8204348302916011,
            [
                0, 1, 3, 4, 5, 6, 7, 8,
                9, 10, 11, 12, 13, 14,
                15, 16, 17, 18, 19, 20,
                21, 22, 23, 24, 25, 26,
                27, 28, 29, 30, 31, 32,
                33, 34, 35
            ]
        ],
        "regression": [
            -0.004087431845811729,
            [22, 34]
        ]
    },
    "Stage1.Output.Measurement1.U.Actual": {
        "decision_tree": [
            0.8104210964691082,
            [
                0, 1, 2, 3, 4, 5, 7, 8,
                9, 10, 11, 12, 13, 14,
                15, 16, 20, 21, 22, 24,
                25, 26, 27, 28, 29, 30,
                31, 32, 33, 34, 35
            ]
        ],
        "regression": [
            0.7513302764551197,
            [
                0, 1, 2, 3, 4, 5, 6, 7,
                8, 9, 10, 11, 12, 13,
                14, 15, 16, 17, 18, 19,
                20, 21, 22, 23, 24, 25,
                26, 27, 28, 29, 30, 31,
                32, 33, 34, 35
            ]
        ]
    },
    "Stage1.Output.Measurement2.U.Actual": {
        "decision_tree": [
            0.6202985139906702,
            [
                0, 1, 2, 3, 4, 5, 6, 7,
                8, 9, 10, 11, 12, 13,
                14, 15, 16, 17, 18, 19,
                20, 21, 22, 23, 24, 26,
                27, 28, 29, 30, 31, 32,
                33, 34, 35
            ]
        ],
        "regression": [
            0.07792454092742096,
            [
                0, 1, 2, 3, 5, 6, 9, 12,
                13, 14, 15, 17, 19, 24,
                26, 29, 31, 33, 34
            ]
        ]
    },
    "Stage1.Output.Measurement3.U.Actual": {
        "decision_tree": [
            0.8500822562729247,
            [
                0, 6, 7, 8, 10, 11, 18,
                21, 22, 25, 27, 29, 32,
                34
            ]
        ],
        "regression": [
            0.030448933873080897,
            [
                0, 1, 2, 3, 4, 5, 6, 7,
                8, 9, 10, 11, 12, 13,
                14, 15, 16, 18, 19, 20,
                21, 22, 23, 24, 25, 26,
                27, 28, 29, 30, 31, 32,
                33, 34
            ]
        ]
    },
    "Stage1.Output.Measurement4.U.Actual": {
        "decision_tree": [
            0.11266722541093832,
            [25, 27, 34]
        ],
        "regression": [
            0.07165151208294773,
            [
                0, 1, 2, 3, 4, 5, 6, 7,
                8, 9, 10, 11, 12, 13,
                14, 15, 17, 18, 19, 21,
                22, 23, 24, 25, 26, 27,
                28, 29, 30, 31, 32, 33,
                34, 35
            ]
        ]
    },
    "Stage1.Output.Measurement5.U.Actual": {
        "decision_tree": [
            -0.4573906286243121,
            [9]
        ],
        "regression": [
            0.033680187749967394,
            [
                0, 1, 2, 3, 5, 7, 8, 9,
                11, 12, 13, 14, 15, 19,
                21, 22, 24, 25, 26, 27,
                29, 31, 32, 33, 34, 35
            ]
        ]
    },
    "Stage1.Output.Measurement6.U.Actual": {
        "decision_tree": [
            0.5290462016763224,
            [10, 12, 13, 14, 15, 27, 34]
        ],
        "regression": [
            0.418648278797516,
            [
                0, 2, 3, 5, 7, 8, 10,
                11, 12, 13, 14, 15, 19,
                21, 22, 24, 25, 26, 27,
                29, 30, 31, 32, 33, 34,
                35
            ]
        ]
    },
    "Stage1.Output.Measurement7.U.Actual": {
        "decision_tree": [
            0.9523804503913368,
            [
                0, 1, 2, 3, 4, 5, 6, 7,
                8, 9, 10, 11, 12, 13,
                14, 15, 16, 17, 18, 19,
                20, 21, 22, 23, 24, 25,
                26, 27, 28, 29, 30, 31,
                32, 33, 34, 35
            ]
        ],
        "regression": [
            0.7912272589184344,
            [
                0, 1, 2, 3, 4, 5, 6, 7,
                8, 9, 10, 11, 12, 13,
                14, 15, 16, 17, 18, 19,
                20, 21, 22, 23, 24, 25,
                26, 27, 28, 29, 30, 31,
                32, 33, 34, 35
            ]
        ]
    },
    "Stage1.Output.Measurement8.U.Actual": {
        "decision_tree": [
            0.8969352865970892,
            [
                0, 1, 2, 3, 4, 5, 6, 7,
                8, 9, 10, 11, 12, 13,
                14, 15, 17, 18, 19, 21,
                22, 24, 25, 26, 27, 28,
                29, 30, 31, 32, 33, 34,
                35
            ]
        ],
        "regression": [
            0.44054466636880596,
            [
                0, 1, 2, 3, 4, 5, 6, 7,
                8, 9, 10, 11, 12, 13,
                14, 15, 16, 17, 18, 19,
                21, 22, 24, 25, 26, 27,
                28, 29, 30, 31, 32, 33,
                34, 35
            ]
        ]
    },
    "Stage1.Output.Measurement9.U.Actual": {
        "decision_tree": [
            0.8868014490245841,
            [
                0, 1, 3, 4, 8, 9, 10,
                11, 12, 13, 14, 15, 24,
                25, 26, 27, 29, 31, 32,
                33, 34, 35
            ]
        ],
        "regression": [
            0.48957376390767815,
            [
                0, 1, 2, 3, 4, 5, 7, 8,
                9, 10, 11, 12, 13, 14,
                15, 17, 18, 19, 21, 24,
                25, 26, 27, 28, 29, 30,
                31, 32, 33, 34, 35
            ]
        ]
    },
    "Stage1.Output.Measurement10.U.Actual": {
        "decision_tree": [
            0.3378270902260082,
            [6, 34]
        ],
        "regression": [
            0.03471067247778348,
            [
                0, 1, 2, 3, 4, 5, 6, 7,
                8, 9, 10, 11, 12, 13,
                14, 15, 16, 17, 18, 19,
                20, 21, 22, 23, 24, 25,
                26, 27, 28, 29, 30, 31,
                32, 33, 34, 35
            ]
        ]
    },
    "Stage1.Output.Measurement11.U.Actual": {
        "decision_tree": [
            0.9402128237729912,
            [12, 13, 14, 15, 27, 34]
        ],
        "regression": [
            0.9112526578839877,
            [
                8, 10, 12, 13, 14, 15,
                19, 21, 22, 25, 27, 31,
                32, 33, 34
            ]
        ]
    },
    "Stage1.Output.Measurement12.U.Actual": {
        "decision_tree": [
            0.5444982303076139,
            [
                12, 13, 14, 15, 25, 27,
                33, 34
            ]
        ],
        "regression": [
            0.44563252793991104,
            [
                0, 1, 2, 3, 4, 5, 7, 8,
                9, 10, 11, 12, 13, 14,
                15, 17, 18, 19, 21, 22,
                24, 25, 26, 27, 29, 30,
                31, 32, 33, 34, 35
            ]
        ]
    },
    "Stage1.Output.Measurement13.U.Actual": {
        "decision_tree": [
            0.8162057197715533,
            [
                0, 1, 2, 3, 4, 5, 6, 7,
                8, 9, 10, 11, 12, 13,
                14, 15, 16, 17, 18, 19,
                20, 21, 22, 23, 24, 25,
                26, 27, 28, 29, 30, 31,
                32, 33, 34, 35
            ]
        ],
        "regression": [
            0.38587885387774434,
            [
                0, 1, 2, 3, 4, 5, 6, 7,
                8, 9, 10, 11, 12, 13,
                14, 15, 16, 17, 18, 19,
                21, 22, 23, 24, 25, 26,
                27, 28, 29, 30, 31, 32,
                33, 34, 35
            ]
        ]
    },
    "Stage1.Output.Measurement14.U.Actual": {
        "decision_tree": [
            0.2501632749182703,
            [10, 11]
        ],