{
    "Stage1.Output.Measurement1.U.Actual": {
        "r2_train": 0.8198926647752224,
        "r2_test": 0.7583727370665861,
        "rmse_train": 2.92788547604021,
        "rmse_test": 3.403308349222617,
        "mse_train": 8.572513360807209,
        "mse_test": 11.582507719888374,
        "indices": [
            0,
            1,
            2,
            3,
            8,
            9,
            10,
            11,
            24,
            25,
            26,
            31,
            32
        ],
        "best_params": {
            "max_depth": 10,
            "min_samples_split": 5,
            "min_samples_leaf": 4,
            "max_features": "sqrt"
        }
    },
    "Stage1.Output.Measurement7.U.Actual": {
        "r2_train": 0.9109606655460535,
        "r2_test": 0.8858440397620619,
        "rmse_train": 0.42188327752090216,
        "rmse_test": 0.4778282387492898,
        "mse_train": 0.17798549985177856,
        "mse_test": 0.2283198257462483,
        "indices": [
            0,
            3,
            8,
            9,
            10,
            12,
            13,
            14,
            15,
            19,
            25,
            26,
            27,
            32,
            34
        ],
        "best_params": {
            "max_depth": 10,
            "min_samples_split": 5,
            "min_samples_leaf": 4,
            "max_features": "sqrt"
        }
    },
    "Stage1.Output.Measurement11.U.Actual": {
        "r2_train": 0.9254905323339461,
        "r2_test": 0.9283406522339465,
        "rmse_train": 0.6936535471500762,
        "rmse_test": 0.6821974269976361,
        "mse_train": 0.481155243473883,
        "mse_test": 0.465393329402195,
        "indices": [
            8,
            10,
            12,
            13,
            14,
            15,
            19,
            25,
            27,
            32,
            33,
            34
        ],
        "best_params": {
            "max_depth": 5,
            "min_samples_split": 10,
            "min_samples_leaf": 2,
            "max_features": "log2"
        }
    },
    "FirstStage.CombinerOperation.Temperature1.U.Actual": {
        "r2_train": 0.9347086196389922,
        "r2_test": 0.8943237775111379,
        "rmse_train": 1.4471259025948133,
        "rmse_test": 1.8511614215710155,
        "mse_train": 2.0941733779608533,
        "mse_test": 3.426798608712823,
        "indices": [
            0,
            1,
            3,
            8,
            9,
            10,
            11,
            19,
            24,
            25,
            26,
            27,
            32
        ],
        "best_params": {
            "max_depth": 10,
            "min_samples_split": 10,
            "min_samples_leaf": 1,
            "max_features": "sqrt"
        }
    },
    "FirstStage.CombinerOperation.Temperature2.U.Actual": {
        "r2_train": 0.9611700627839832,
        "r2_test": 0.9567761484641685,
        "rmse_train": 3.6615527229123948,
        "rmse_test": 3.8594160314154555,
        "mse_train": 13.406968342667172,
        "mse_test": 14.895092103546625,
        "indices": [
            0,
            1,
            3,
            7,
            8,
            9,
            10,
            11,
            24,
            25,
            26,
            27,
            31,
            32
        ],
        "best_params": {
            "max_depth": 10,
            "min_samples_split": 2,
            "min_samples_leaf": 4,
            "max_features": "log2"
        }
    }
}