{
  "Stage1.Output.Measurement0.U.Actual": {
    "r2_scores_train": 0.005696344558059607,
    "mse_scores_train": 0.9326562807726617,
    "r2_scores_test": -0.032925844823605964,
    "mse_scores_test": 0.614363666488889,
    "indices": [
      0,
      1,
      2,
      3,
      4,
      5,
      6,
      7,
      8,
      9,
      10,
      11,
      12,
      13,
      14,
      15,
      16,
      17,
      18,
      19,
      20,
      21,
      22,
      23,
      24,
      25,
      26,
      27,
      28,
      29,
      30,
      31,
      32,
      33,
      34,
      35
    ]
  },
  "Stage1.Output.Measurement1.U.Actual": {
    "r2_scores_train": 0.5144255511813596,
    "mse_scores_train": 21.59481852205826,
    "r2_scores_test": 0.3437734527433124,
    "mse_scores_test": 32.21432977761206,
    "indices": [
      0,
      1,
      2,
      3,
      4,
      5,
      6,
      7,
      8,
      9,
      10,
      11,
      12,
      13,
      14,
      15,
      16,
      17,
      18,
      19,
      20,
      21,
      22,
      23,
      24,
      25,
      26,
      27,
      28,
      29,
      30,
      31,
      32,
      33,
      34,
      35
    ]
  },
  "Stage1.Output.Measurement2.U.Actual": {
    "r2_scores_train": 0.005693017272304424,
    "mse_scores_train": 1.2631817549994413,
    "r2_scores_test": -0.013451467410167983,
    "mse_scores_test": 0.9956467583195618,
    "indices": [
      0,
      1,
      2,
      3,
      4,
      5,
      6,
      7,
      8,
      9,
      10,
      11,
      12,
      13,
      14,
      15,
      16,
      17,
      18,
      19,
      20,
      21,
      22,
      23,
      24,
      26,
      27,
      28,
      29,
      30,
      31,
      32,
      33,
      34,
      35
    ]
  },
  "Stage1.Output.Measurement3.U.Actual": {
    "r2_scores_train": 0.004545875318762427,
    "mse_scores_train": 4.49161773010331,
    "r2_scores_test": -0.025607710741976607,
    "mse_scores_test": 4.682788769233072,
    "indices": [
      0,
      1,
      2,
      3,
      4,
      5,
      6,
      7,
      8,
      9,
      10,
      11,
      12,
      13,
      14,
      15,
      16,
      17,
      18,
      19,
      20,
      21,
      22,
      23,
      24,
      25,
      26,
      27,
      28,
      29,
      30,
      31,
      32,
      33,
      34,
      35
    ]
  },
  "Stage1.Output.Measurement4.U.Actual": {
    "r2_scores_train": -0.1893005568496613,
    "mse_scores_train": 19.280489655378055,
    "r2_scores_test": -0.056751837751810585,
    "mse_scores_test": 17.380453691846554,
    "indices": [
      0,
      1,
      2,
      3,
      4,
      5,
      6,
      7,
      8,
      9,
      10,
      11,
      12,
      13,
      14,
      15,
      16,
      17,
      18,
      19,
      20,
      21,
      22,
      23,
      24,
      25,
      26,
      27,
      28,
      29,
      30,
      31,
      32,
      33,
      34,
      35
    ]
  },
  "Stage1.Output.Measurement5.U.Actual": {
    "r2_scores_train": -0.034943053250734546,
    "mse_scores_train": 0.33615509111627934,
    "r2_scores_test": -0.2529237024121221,
    "mse_scores_test": 0.35761646268270675,
    "indices": [
      0,
      1,
      2,
      3,
      4,
      5,
      6,
      7,
      8,
      9,
      10,
      11,
      12,
      13,
      14,
      15,
      16,
      17,
      18,
      19,
      20,
      21,
      22,
      23,
      24,
      25,
      26,
      27,
      28,
      29,
      30,
      31,
      32,
      33,
      34,
      35
    ]
  },
  "Stage1.Output.Measurement6.U.Actual": {
    "r2_scores_train": 0.18460357496149257,
    "mse_scores_train": 2.085128608205875,
    "r2_scores_test": 0.1765453200130987,
    "mse_scores_test": 1.4326599836739429,
    "indices": [
      0,
      1,
      2,
      3,
      4,
      5,
      6,
      7,
      8,
      9,
      10,
      11,
      12,
      13,
      14,
      15,
      16,
      17,
      18,
      19,
      20,
      21,
      22,
      23,
      24,
      25,
      26,
      27,
      28,
      29,
      30,
      31,
      32,
      33,
      34,
      35
    ]
  },
  "Stage1.Output.Measurement7.U.Actual": {
    "r2_scores_train": 0.450976856795177,
    "mse_scores_train": 1.0056378984955399,
    "r2_scores_test": 0.6550074815045873,
    "mse_scores_test": 0.7979299117093004,
    "indices": [
      0,
      1,
      2,
      3,
      4,
      5,
      6,
      7,
      8,
      9,
      10,
      11,
      12,
      13,
      14,
      15,
      16,
      17,
      18,
      19,
      20,
      21,
      22,
      23,
      24,
      25,
      26,
      27,
      28,
      29,
      30,
      31,
      32,
      33,
      34,
      35
    ]
  },
  "Stage1.Output.Measurement8.U.Actual": {
    "r2_scores_train": -0.0003305360933859136,
    "mse_scores_train": 18.642053681270916,
    "r2_scores_test": 0.05572643718782237,
    "mse_scores_test": 25.153650833129067,
    "indices": [
      0,
      1,
      2,
      3,
      4,
      5,
      6,
      7,
      8,
      9,
      10,
      11,
      12,
      13,
      14,
      15,
      16,
      17,
      18,
      19,
      20,
      21,
      22,
      23,
      24,
      25,
      26,
      27,
      28,
      29,
      30,
      31,
      32,
      33,
      34,
      35
    ]
  },
  "Stage1.Output.Measurement9.U.Actual": {
    "r2_scores_train": -0.7305679533924965,
    "mse_scores_train": 17.854281628417617,
    "r2_scores_test": 0.11056392927765835,
    "mse_scores_test": 18.427522561900588,
    "indices": [
      0,
      1,
      2,
      3,
      4,
      5,
      6,
      7,
      8,
      9,
      10,
      11,
      12,
      13,
      14,
      15,
      16,
      17,
      18,
      19,
      20,
      21,
      22,
      23,
      24,
      25,
      26,
      27,
      28,
      29,
      30,
      31,
      32,
      33,
      34,
      35
    ]
  },
  "Stage1.Output.Measurement10.U.Actual": {
    "r2_scores_train": -0.4074571414015525,
    "mse_scores_train": 1.2790249212661415,
    "r2_scores_test": -0.079310964497733,
    "mse_scores_test": 1.2187901689609582,
    "indices": [
      0,
      1,
      2,
      3,
      4,
      5,
      6,
      7,
      8,
      9,
      10,
      11,
      12,
      13,
      14,
      15,
      16,
      17,
      18,
      19,
      20,
      21,
      22,
      23,
      24,
      25,
      26,
      27,
      28,
      29,
      30,
      31,
      32,
      33,
      34,
      35
    ]
  },
  "Stage1.Output.Measurement11.U.Actual": {
    "r2_scores_train": 0.8268508952746263,
    "mse_scores_train": 1.8122257121897196,
    "r2_scores_test": 0.7033024360249238,
    "mse_scores_test": 1.1632921413383952,
    "indices": [
      0,
      1,
      2,
      3,
      4,
      5,
      6,
      7,
      8,
      9,
      10,
      11,
      12,
      13,
      14,
      15,
      16,
      17,
      18,
      19,
      20,
      21,
      22,
      23,
      24,
      25,
      26,
      27,
      28,
      29,
      30,
      31,
      32,
      33,
      34,
      35
    ]
  },
  "Stage1.Output.Measurement12.U.Actual": {
    "r2_scores_train": 0.09480172161880543,
    "mse_scores_train": 0.3450749971732523,
    "r2_scores_test": 0.2435448467795937,
    "mse_scores_test": 0.32342308315873647,
    "indices": [
      0,
      1,
      2,
      3,
      4,
      5,
      6,
      7,
      8,
      9,
      10,
      11,
      12,
      13,
      14,
      15,
      16,
      17,
      18,
      19,
      20,
      21,
      22,
      23,
      24,
      25,
      26,
      27,
      28,
      29,
      30,
      31,
      32,
      33,
      34,
      35
    ]
  },
  "Stage1.Output.Measurement13.U.Actual": {
    "r2_scores_train": 0.17909932729918684,
    "mse_scores_train": 0.7310341635972786,
    "r2_scores_test": 0.16647936509572653,
    "mse_scores_test": 0.7708727835477178,